image_id,image_path,label
patch-0-0-25-25-#SK1070_combined.tif#.png,c:\Users\alexad\Documents\GitHub\cnn-boundaries\content\tifs\patches\patch-0-0-25-25-#SK1070_combined.tif#.png,wall
patch-0-100-25-125-#SK1070_combined.tif#.png,c:\Users\alexad\Documents\GitHub\cnn-boundaries\content\tifs\patches\patch-0-100-25-125-#SK1070_combined.tif#.png,wall
patch-0-1000-25-1025-#SK1070_combined.tif#.png,c:\Users\alexad\Documents\GitHub\cnn-boundaries\content\tifs\patches\patch-0-1000-25-1025-#SK1070_combined.tif#.png,wall
patch-0-1025-25-1050-#SK1070_combined.tif#.png,c:\Users\alexad\Documents\GitHub\cnn-boundaries\content\tifs\patches\patch-0-1025-25-1050-#SK1070_combined.tif#.png,wall
patch-0-1050-25-1075-#SK1070_combined.tif#.png,c:\Users\alexad\Documents\GitHub\cnn-boundaries\content\tifs\patches\patch-0-1050-25-1075-#SK1070_combined.tif#.png,wall
patch-0-1075-25-1100-#SK1070_combined.tif#.png,c:\Users\alexad\Documents\GitHub\cnn-boundaries\content\tifs\patches\patch-0-1075-25-1100-#SK1070_combined.tif#.png,no_wall
patch-0-1100-25-1125-#SK1070_combined.tif#.png,c:\Users\alexad\Documents\GitHub\cnn-boundaries\content\tifs\patches\patch-0-1100-25-1125-#SK1070_combined.tif#.png,no_wall
patch-0-1125-25-1150-#SK1070_combined.tif#.png,c:\Users\alexad\Documents\GitHub\cnn-boundaries\content\tifs\patches\patch-0-1125-25-1150-#SK1070_combined.tif#.png,no_wall
patch-0-1150-25-1175-#SK1070_combined.tif#.png,c:\Users\alexad\Documents\GitHub\cnn-boundaries\content\tifs\patches\patch-0-1150-25-1175-#SK1070_combined.tif#.png,wall
patch-0-1175-25-1200-#SK1070_combined.tif#.png,c:\Users\alexad\Documents\GitHub\cnn-boundaries\content\tifs\patches\patch-0-1175-25-1200-#SK1070_combined.tif#.png,wall
patch-0-1200-25-1225-#SK1070_combined.tif#.png,c:\Users\alexad\Documents\GitHub\cnn-boundaries\content\tifs\patches\patch-0-1200-25-1225-#SK1070_combined.tif#.png,wall
patch-0-1225-25-1250-#SK1070_combined.tif#.png,c:\Users\alexad\Documents\GitHub\cnn-boundaries\content\tifs\patches\patch-0-1225-25-1250-#SK1070_combined.tif#.png,no_wall
patch-0-125-25-150-#SK1070_combined.tif#.png,c:\Users\alexad\Documents\GitHub\cnn-boundaries\content\tifs\patches\patch-0-125-25-150-#SK1070_combined.tif#.png,no_wall
patch-0-1250-25-1275-#SK1070_combined.tif#.png,c:\Users\alexad\Documents\GitHub\cnn-boundaries\content\tifs\patches\patch-0-1250-25-1275-#SK1070_combined.tif#.png,no_wall
patch-0-1275-25-1300-#SK1070_combined.tif#.png,c:\Users\alexad\Documents\GitHub\cnn-boundaries\content\tifs\patches\patch-0-1275-25-1300-#SK1070_combined.tif#.png,no_wall
patch-0-1300-25-1325-#SK1070_combined.tif#.png,c:\Users\alexad\Documents\GitHub\cnn-boundaries\content\tifs\patches\patch-0-1300-25-1325-#SK1070_combined.tif#.png,no_wall
patch-0-1325-25-1350-#SK1070_combined.tif#.png,c:\Users\alexad\Documents\GitHub\cnn-boundaries\content\tifs\patches\patch-0-1325-25-1350-#SK1070_combined.tif#.png,wall
patch-0-1350-25-1375-#SK1070_combined.tif#.png,c:\Users\alexad\Documents\GitHub\cnn-boundaries\content\tifs\patches\patch-0-1350-25-1375-#SK1070_combined.tif#.png,no_wall
patch-0-1375-25-1400-#SK1070_combined.tif#.png,c:\Users\alexad\Documents\GitHub\cnn-boundaries\content\tifs\patches\patch-0-1375-25-1400-#SK1070_combined.tif#.png,no_wall
patch-0-1400-25-1425-#SK1070_combined.tif#.png,c:\Users\alexad\Documents\GitHub\cnn-boundaries\content\tifs\patches\patch-0-1400-25-1425-#SK1070_combined.tif#.png,wall
patch-0-1425-25-1450-#SK1070_combined.tif#.png,c:\Users\alexad\Documents\GitHub\cnn-boundaries\content\tifs\patches\patch-0-1425-25-1450-#SK1070_combined.tif#.png,no_wall
patch-0-1450-25-1475-#SK1070_combined.tif#.png,c:\Users\alexad\Documents\GitHub\cnn-boundaries\content\tifs\patches\patch-0-1450-25-1475-#SK1070_combined.tif#.png,wall
patch-0-1475-25-1492-#SK1070_combined.tif#.png,c:\Users\alexad\Documents\GitHub\cnn-boundaries\content\tifs\patches\patch-0-1475-25-1492-#SK1070_combined.tif#.png,wall
patch-0-150-25-175-#SK1070_combined.tif#.png,c:\Users\alexad\Documents\GitHub\cnn-boundaries\content\tifs\patches\patch-0-150-25-175-#SK1070_combined.tif#.png,no_wall
patch-0-175-25-200-#SK1070_combined.tif#.png,c:\Users\alexad\Documents\GitHub\cnn-boundaries\content\tifs\patches\patch-0-175-25-200-#SK1070_combined.tif#.png,no_wall
patch-0-200-25-225-#SK1070_combined.tif#.png,c:\Users\alexad\Documents\GitHub\cnn-boundaries\content\tifs\patches\patch-0-200-25-225-#SK1070_combined.tif#.png,no_wall
patch-0-225-25-250-#SK1070_combined.tif#.png,c:\Users\alexad\Documents\GitHub\cnn-boundaries\content\tifs\patches\patch-0-225-25-250-#SK1070_combined.tif#.png,no_wall
patch-0-25-25-50-#SK1070_combined.tif#.png,c:\Users\alexad\Documents\GitHub\cnn-boundaries\content\tifs\patches\patch-0-25-25-50-#SK1070_combined.tif#.png,no_wall
patch-0-250-25-275-#SK1070_combined.tif#.png,c:\Users\alexad\Documents\GitHub\cnn-boundaries\content\tifs\patches\patch-0-250-25-275-#SK1070_combined.tif#.png,no_wall
patch-0-275-25-300-#SK1070_combined.tif#.png,c:\Users\alexad\Documents\GitHub\cnn-boundaries\content\tifs\patches\patch-0-275-25-300-#SK1070_combined.tif#.png,no_wall
patch-0-300-25-325-#SK1070_combined.tif#.png,c:\Users\alexad\Documents\GitHub\cnn-boundaries\content\tifs\patches\patch-0-300-25-325-#SK1070_combined.tif#.png,no_wall
patch-0-325-25-350-#SK1070_combined.tif#.png,c:\Users\alexad\Documents\GitHub\cnn-boundaries\content\tifs\patches\patch-0-325-25-350-#SK1070_combined.tif#.png,no_wall
patch-0-350-25-375-#SK1070_combined.tif#.png,c:\Users\alexad\Documents\GitHub\cnn-boundaries\content\tifs\patches\patch-0-350-25-375-#SK1070_combined.tif#.png,wall
patch-0-375-25-400-#SK1070_combined.tif#.png,c:\Users\alexad\Documents\GitHub\cnn-boundaries\content\tifs\patches\patch-0-375-25-400-#SK1070_combined.tif#.png,no_wall
patch-0-400-25-425-#SK1070_combined.tif#.png,c:\Users\alexad\Documents\GitHub\cnn-boundaries\content\tifs\patches\patch-0-400-25-425-#SK1070_combined.tif#.png,wall
patch-0-425-25-450-#SK1070_combined.tif#.png,c:\Users\alexad\Documents\GitHub\cnn-boundaries\content\tifs\patches\patch-0-425-25-450-#SK1070_combined.tif#.png,no_wall
patch-0-450-25-475-#SK1070_combined.tif#.png,c:\Users\alexad\Documents\GitHub\cnn-boundaries\content\tifs\patches\patch-0-450-25-475-#SK1070_combined.tif#.png,wall
patch-0-475-25-500-#SK1070_combined.tif#.png,c:\Users\alexad\Documents\GitHub\cnn-boundaries\content\tifs\patches\patch-0-475-25-500-#SK1070_combined.tif#.png,no_wall
patch-0-50-25-75-#SK1070_combined.tif#.png,c:\Users\alexad\Documents\GitHub\cnn-boundaries\content\tifs\patches\patch-0-50-25-75-#SK1070_combined.tif#.png,no_wall
patch-0-500-25-525-#SK1070_combined.tif#.png,c:\Users\alexad\Documents\GitHub\cnn-boundaries\content\tifs\patches\patch-0-500-25-525-#SK1070_combined.tif#.png,no_wall
patch-0-525-25-550-#SK1070_combined.tif#.png,c:\Users\alexad\Documents\GitHub\cnn-boundaries\content\tifs\patches\patch-0-525-25-550-#SK1070_combined.tif#.png,wall
patch-0-550-25-575-#SK1070_combined.tif#.png,c:\Users\alexad\Documents\GitHub\cnn-boundaries\content\tifs\patches\patch-0-550-25-575-#SK1070_combined.tif#.png,no_wall
patch-0-575-25-600-#SK1070_combined.tif#.png,c:\Users\alexad\Documents\GitHub\cnn-boundaries\content\tifs\patches\patch-0-575-25-600-#SK1070_combined.tif#.png,no_wall
patch-0-600-25-625-#SK1070_combined.tif#.png,c:\Users\alexad\Documents\GitHub\cnn-boundaries\content\tifs\patches\patch-0-600-25-625-#SK1070_combined.tif#.png,no_wall
patch-0-625-25-650-#SK1070_combined.tif#.png,c:\Users\alexad\Documents\GitHub\cnn-boundaries\content\tifs\patches\patch-0-625-25-650-#SK1070_combined.tif#.png,no_wall
patch-0-650-25-675-#SK1070_combined.tif#.png,c:\Users\alexad\Documents\GitHub\cnn-boundaries\content\tifs\patches\patch-0-650-25-675-#SK1070_combined.tif#.png,no_wall
patch-0-675-25-700-#SK1070_combined.tif#.png,c:\Users\alexad\Documents\GitHub\cnn-boundaries\content\tifs\patches\patch-0-675-25-700-#SK1070_combined.tif#.png,no_wall
patch-0-700-25-725-#SK1070_combined.tif#.png,c:\Users\alexad\Documents\GitHub\cnn-boundaries\content\tifs\patches\patch-0-700-25-725-#SK1070_combined.tif#.png,no_wall
patch-0-725-25-750-#SK1070_combined.tif#.png,c:\Users\alexad\Documents\GitHub\cnn-boundaries\content\tifs\patches\patch-0-725-25-750-#SK1070_combined.tif#.png,no_wall
patch-0-75-25-100-#SK1070_combined.tif#.png,c:\Users\alexad\Documents\GitHub\cnn-boundaries\content\tifs\patches\patch-0-75-25-100-#SK1070_combined.tif#.png,no_wall
patch-0-750-25-775-#SK1070_combined.tif#.png,c:\Users\alexad\Documents\GitHub\cnn-boundaries\content\tifs\patches\patch-0-750-25-775-#SK1070_combined.tif#.png,no_wall
patch-0-775-25-800-#SK1070_combined.tif#.png,c:\Users\alexad\Documents\GitHub\cnn-boundaries\content\tifs\patches\patch-0-775-25-800-#SK1070_combined.tif#.png,no_wall
patch-0-800-25-825-#SK1070_combined.tif#.png,c:\Users\alexad\Documents\GitHub\cnn-boundaries\content\tifs\patches\patch-0-800-25-825-#SK1070_combined.tif#.png,no_wall
patch-0-825-25-850-#SK1070_combined.tif#.png,c:\Users\alexad\Documents\GitHub\cnn-boundaries\content\tifs\patches\patch-0-825-25-850-#SK1070_combined.tif#.png,no_wall
patch-0-850-25-875-#SK1070_combined.tif#.png,c:\Users\alexad\Documents\GitHub\cnn-boundaries\content\tifs\patches\patch-0-850-25-875-#SK1070_combined.tif#.png,no_wall
patch-0-875-25-900-#SK1070_combined.tif#.png,c:\Users\alexad\Documents\GitHub\cnn-boundaries\content\tifs\patches\patch-0-875-25-900-#SK1070_combined.tif#.png,wall
patch-0-900-25-925-#SK1070_combined.tif#.png,c:\Users\alexad\Documents\GitHub\cnn-boundaries\content\tifs\patches\patch-0-900-25-925-#SK1070_combined.tif#.png,no_wall
patch-0-925-25-950-#SK1070_combined.tif#.png,c:\Users\alexad\Documents\GitHub\cnn-boundaries\content\tifs\patches\patch-0-925-25-950-#SK1070_combined.tif#.png,no_wall
patch-0-950-25-975-#SK1070_combined.tif#.png,c:\Users\alexad\Documents\GitHub\cnn-boundaries\content\tifs\patches\patch-0-950-25-975-#SK1070_combined.tif#.png,wall
patch-0-975-25-1000-#SK1070_combined.tif#.png,c:\Users\alexad\Documents\GitHub\cnn-boundaries\content\tifs\patches\patch-0-975-25-1000-#SK1070_combined.tif#.png,wall
patch-100-0-125-25-#SK1070_combined.tif#.png,c:\Users\alexad\Documents\GitHub\cnn-boundaries\content\tifs\patches\patch-100-0-125-25-#SK1070_combined.tif#.png,no_wall
patch-100-100-125-125-#SK1070_combined.tif#.png,c:\Users\alexad\Documents\GitHub\cnn-boundaries\content\tifs\patches\patch-100-100-125-125-#SK1070_combined.tif#.png,no_wall
patch-100-1000-125-1025-#SK1070_combined.tif#.png,c:\Users\alexad\Documents\GitHub\cnn-boundaries\content\tifs\patches\patch-100-1000-125-1025-#SK1070_combined.tif#.png,no_wall
patch-100-1025-125-1050-#SK1070_combined.tif#.png,c:\Users\alexad\Documents\GitHub\cnn-boundaries\content\tifs\patches\patch-100-1025-125-1050-#SK1070_combined.tif#.png,no_wall
patch-100-1050-125-1075-#SK1070_combined.tif#.png,c:\Users\alexad\Documents\GitHub\cnn-boundaries\content\tifs\patches\patch-100-1050-125-1075-#SK1070_combined.tif#.png,no_wall
patch-100-1075-125-1100-#SK1070_combined.tif#.png,c:\Users\alexad\Documents\GitHub\cnn-boundaries\content\tifs\patches\patch-100-1075-125-1100-#SK1070_combined.tif#.png,no_wall
patch-100-1100-125-1125-#SK1070_combined.tif#.png,c:\Users\alexad\Documents\GitHub\cnn-boundaries\content\tifs\patches\patch-100-1100-125-1125-#SK1070_combined.tif#.png,no_wall
patch-100-1125-125-1150-#SK1070_combined.tif#.png,c:\Users\alexad\Documents\GitHub\cnn-boundaries\content\tifs\patches\patch-100-1125-125-1150-#SK1070_combined.tif#.png,no_wall
patch-100-1150-125-1175-#SK1070_combined.tif#.png,c:\Users\alexad\Documents\GitHub\cnn-boundaries\content\tifs\patches\patch-100-1150-125-1175-#SK1070_combined.tif#.png,no_wall
patch-100-1175-125-1200-#SK1070_combined.tif#.png,c:\Users\alexad\Documents\GitHub\cnn-boundaries\content\tifs\patches\patch-100-1175-125-1200-#SK1070_combined.tif#.png,no_wall
patch-100-1200-125-1225-#SK1070_combined.tif#.png,c:\Users\alexad\Documents\GitHub\cnn-boundaries\content\tifs\patches\patch-100-1200-125-1225-#SK1070_combined.tif#.png,no_wall
patch-100-1225-125-1250-#SK1070_combined.tif#.png,c:\Users\alexad\Documents\GitHub\cnn-boundaries\content\tifs\patches\patch-100-1225-125-1250-#SK1070_combined.tif#.png,wall
patch-100-125-125-150-#SK1070_combined.tif#.png,c:\Users\alexad\Documents\GitHub\cnn-boundaries\content\tifs\patches\patch-100-125-125-150-#SK1070_combined.tif#.png,wall
patch-100-1250-125-1275-#SK1070_combined.tif#.png,c:\Users\alexad\Documents\GitHub\cnn-boundaries\content\tifs\patches\patch-100-1250-125-1275-#SK1070_combined.tif#.png,no_wall
patch-100-1275-125-1300-#SK1070_combined.tif#.png,c:\Users\alexad\Documents\GitHub\cnn-boundaries\content\tifs\patches\patch-100-1275-125-1300-#SK1070_combined.tif#.png,no_wall
patch-100-1300-125-1325-#SK1070_combined.tif#.png,c:\Users\alexad\Documents\GitHub\cnn-boundaries\content\tifs\patches\patch-100-1300-125-1325-#SK1070_combined.tif#.png,no_wall
patch-100-1325-125-1350-#SK1070_combined.tif#.png,c:\Users\alexad\Documents\GitHub\cnn-boundaries\content\tifs\patches\patch-100-1325-125-1350-#SK1070_combined.tif#.png,no_wall
patch-100-1350-125-1375-#SK1070_combined.tif#.png,c:\Users\alexad\Documents\GitHub\cnn-boundaries\content\tifs\patches\patch-100-1350-125-1375-#SK1070_combined.tif#.png,no_wall
patch-100-1375-125-1400-#SK1070_combined.tif#.png,c:\Users\alexad\Documents\GitHub\cnn-boundaries\content\tifs\patches\patch-100-1375-125-1400-#SK1070_combined.tif#.png,no_wall
patch-100-1400-125-1425-#SK1070_combined.tif#.png,c:\Users\alexad\Documents\GitHub\cnn-boundaries\content\tifs\patches\patch-100-1400-125-1425-#SK1070_combined.tif#.png,wall
patch-100-1425-125-1450-#SK1070_combined.tif#.png,c:\Users\alexad\Documents\GitHub\cnn-boundaries\content\tifs\patches\patch-100-1425-125-1450-#SK1070_combined.tif#.png,no_wall
patch-100-1450-125-1475-#SK1070_combined.tif#.png,c:\Users\alexad\Documents\GitHub\cnn-boundaries\content\tifs\patches\patch-100-1450-125-1475-#SK1070_combined.tif#.png,no_wall
patch-100-1475-125-1492-#SK1070_combined.tif#.png,c:\Users\alexad\Documents\GitHub\cnn-boundaries\content\tifs\patches\patch-100-1475-125-1492-#SK1070_combined.tif#.png,no_wall
patch-100-150-125-175-#SK1070_combined.tif#.png,c:\Users\alexad\Documents\GitHub\cnn-boundaries\content\tifs\patches\patch-100-150-125-175-#SK1070_combined.tif#.png,no_wall
patch-100-175-125-200-#SK1070_combined.tif#.png,c:\Users\alexad\Documents\GitHub\cnn-boundaries\content\tifs\patches\patch-100-175-125-200-#SK1070_combined.tif#.png,no_wall
patch-100-200-125-225-#SK1070_combined.tif#.png,c:\Users\alexad\Documents\GitHub\cnn-boundaries\content\tifs\patches\patch-100-200-125-225-#SK1070_combined.tif#.png,wall
patch-100-225-125-250-#SK1070_combined.tif#.png,c:\Users\alexad\Documents\GitHub\cnn-boundaries\content\tifs\patches\patch-100-225-125-250-#SK1070_combined.tif#.png,no_wall
patch-100-25-125-50-#SK1070_combined.tif#.png,c:\Users\alexad\Documents\GitHub\cnn-boundaries\content\tifs\patches\patch-100-25-125-50-#SK1070_combined.tif#.png,no_wall
patch-100-250-125-275-#SK1070_combined.tif#.png,c:\Users\alexad\Documents\GitHub\cnn-boundaries\content\tifs\patches\patch-100-250-125-275-#SK1070_combined.tif#.png,wall
patch-100-275-125-300-#SK1070_combined.tif#.png,c:\Users\alexad\Documents\GitHub\cnn-boundaries\content\tifs\patches\patch-100-275-125-300-#SK1070_combined.tif#.png,no_wall
patch-100-300-125-325-#SK1070_combined.tif#.png,c:\Users\alexad\Documents\GitHub\cnn-boundaries\content\tifs\patches\patch-100-300-125-325-#SK1070_combined.tif#.png,no_wall
patch-100-325-125-350-#SK1070_combined.tif#.png,c:\Users\alexad\Documents\GitHub\cnn-boundaries\content\tifs\patches\patch-100-325-125-350-#SK1070_combined.tif#.png,no_wall
patch-100-350-125-375-#SK1070_combined.tif#.png,c:\Users\alexad\Documents\GitHub\cnn-boundaries\content\tifs\patches\patch-100-350-125-375-#SK1070_combined.tif#.png,no_wall
patch-100-375-125-400-#SK1070_combined.tif#.png,c:\Users\alexad\Documents\GitHub\cnn-boundaries\content\tifs\patches\patch-100-375-125-400-#SK1070_combined.tif#.png,wall
patch-100-400-125-425-#SK1070_combined.tif#.png,c:\Users\alexad\Documents\GitHub\cnn-boundaries\content\tifs\patches\patch-100-400-125-425-#SK1070_combined.tif#.png,no_wall
patch-100-425-125-450-#SK1070_combined.tif#.png,c:\Users\alexad\Documents\GitHub\cnn-boundaries\content\tifs\patches\patch-100-425-125-450-#SK1070_combined.tif#.png,wall
patch-100-450-125-475-#SK1070_combined.tif#.png,c:\Users\alexad\Documents\GitHub\cnn-boundaries\content\tifs\patches\patch-100-450-125-475-#SK1070_combined.tif#.png,wall
patch-100-475-125-500-#SK1070_combined.tif#.png,c:\Users\alexad\Documents\GitHub\cnn-boundaries\content\tifs\patches\patch-100-475-125-500-#SK1070_combined.tif#.png,no_wall
patch-100-50-125-75-#SK1070_combined.tif#.png,c:\Users\alexad\Documents\GitHub\cnn-boundaries\content\tifs\patches\patch-100-50-125-75-#SK1070_combined.tif#.png,no_wall
patch-100-500-125-525-#SK1070_combined.tif#.png,c:\Users\alexad\Documents\GitHub\cnn-boundaries\content\tifs\patches\patch-100-500-125-525-#SK1070_combined.tif#.png,no_wall
patch-100-525-125-550-#SK1070_combined.tif#.png,c:\Users\alexad\Documents\GitHub\cnn-boundaries\content\tifs\patches\patch-100-525-125-550-#SK1070_combined.tif#.png,no_wall
patch-100-550-125-575-#SK1070_combined.tif#.png,c:\Users\alexad\Documents\GitHub\cnn-boundaries\content\tifs\patches\patch-100-550-125-575-#SK1070_combined.tif#.png,wall
patch-100-575-125-600-#SK1070_combined.tif#.png,c:\Users\alexad\Documents\GitHub\cnn-boundaries\content\tifs\patches\patch-100-575-125-600-#SK1070_combined.tif#.png,wall
patch-100-600-125-625-#SK1070_combined.tif#.png,c:\Users\alexad\Documents\GitHub\cnn-boundaries\content\tifs\patches\patch-100-600-125-625-#SK1070_combined.tif#.png,wall
patch-100-625-125-650-#SK1070_combined.tif#.png,c:\Users\alexad\Documents\GitHub\cnn-boundaries\content\tifs\patches\patch-100-625-125-650-#SK1070_combined.tif#.png,no_wall
patch-100-650-125-675-#SK1070_combined.tif#.png,c:\Users\alexad\Documents\GitHub\cnn-boundaries\content\tifs\patches\patch-100-650-125-675-#SK1070_combined.tif#.png,no_wall
patch-100-675-125-700-#SK1070_combined.tif#.png,c:\Users\alexad\Documents\GitHub\cnn-boundaries\content\tifs\patches\patch-100-675-125-700-#SK1070_combined.tif#.png,no_wall
patch-100-700-125-725-#SK1070_combined.tif#.png,c:\Users\alexad\Documents\GitHub\cnn-boundaries\content\tifs\patches\patch-100-700-125-725-#SK1070_combined.tif#.png,no_wall
patch-100-725-125-750-#SK1070_combined.tif#.png,c:\Users\alexad\Documents\GitHub\cnn-boundaries\content\tifs\patches\patch-100-725-125-750-#SK1070_combined.tif#.png,no_wall
patch-100-75-125-100-#SK1070_combined.tif#.png,c:\Users\alexad\Documents\GitHub\cnn-boundaries\content\tifs\patches\patch-100-75-125-100-#SK1070_combined.tif#.png,no_wall
patch-100-750-125-775-#SK1070_combined.tif#.png,c:\Users\alexad\Documents\GitHub\cnn-boundaries\content\tifs\patches\patch-100-750-125-775-#SK1070_combined.tif#.png,no_wall
patch-100-775-125-800-#SK1070_combined.tif#.png,c:\Users\alexad\Documents\GitHub\cnn-boundaries\content\tifs\patches\patch-100-775-125-800-#SK1070_combined.tif#.png,wall
patch-100-800-125-825-#SK1070_combined.tif#.png,c:\Users\alexad\Documents\GitHub\cnn-boundaries\content\tifs\patches\patch-100-800-125-825-#SK1070_combined.tif#.png,wall
patch-100-825-125-850-#SK1070_combined.tif#.png,c:\Users\alexad\Documents\GitHub\cnn-boundaries\content\tifs\patches\patch-100-825-125-850-#SK1070_combined.tif#.png,wall
patch-100-850-125-875-#SK1070_combined.tif#.png,c:\Users\alexad\Documents\GitHub\cnn-boundaries\content\tifs\patches\patch-100-850-125-875-#SK1070_combined.tif#.png,wall
patch-100-875-125-900-#SK1070_combined.tif#.png,c:\Users\alexad\Documents\GitHub\cnn-boundaries\content\tifs\patches\patch-100-875-125-900-#SK1070_combined.tif#.png,wall
patch-100-900-125-925-#SK1070_combined.tif#.png,c:\Users\alexad\Documents\GitHub\cnn-boundaries\content\tifs\patches\patch-100-900-125-925-#SK1070_combined.tif#.png,no_wall
patch-100-925-125-950-#SK1070_combined.tif#.png,c:\Users\alexad\Documents\GitHub\cnn-boundaries\content\tifs\patches\patch-100-925-125-950-#SK1070_combined.tif#.png,no_wall
patch-100-950-125-975-#SK1070_combined.tif#.png,c:\Users\alexad\Documents\GitHub\cnn-boundaries\content\tifs\patches\patch-100-950-125-975-#SK1070_combined.tif#.png,no_wall
patch-100-975-125-1000-#SK1070_combined.tif#.png,c:\Users\alexad\Documents\GitHub\cnn-boundaries\content\tifs\patches\patch-100-975-125-1000-#SK1070_combined.tif#.png,no_wall
patch-125-0-150-25-#SK1070_combined.tif#.png,c:\Users\alexad\Documents\GitHub\cnn-boundaries\content\tifs\patches\patch-125-0-150-25-#SK1070_combined.tif#.png,no_wall
patch-125-100-150-125-#SK1070_combined.tif#.png,c:\Users\alexad\Documents\GitHub\cnn-boundaries\content\tifs\patches\patch-125-100-150-125-#SK1070_combined.tif#.png,no_wall
patch-125-125-150-150-#SK1070_combined.tif#.png,c:\Users\alexad\Documents\GitHub\cnn-boundaries\content\tifs\patches\patch-125-125-150-150-#SK1070_combined.tif#.png,wall
patch-125-150-150-175-#SK1070_combined.tif#.png,c:\Users\alexad\Documents\GitHub\cnn-boundaries\content\tifs\patches\patch-125-150-150-175-#SK1070_combined.tif#.png,wall
patch-125-175-150-200-#SK1070_combined.tif#.png,c:\Users\alexad\Documents\GitHub\cnn-boundaries\content\tifs\patches\patch-125-175-150-200-#SK1070_combined.tif#.png,no_wall
patch-125-200-150-225-#SK1070_combined.tif#.png,c:\Users\alexad\Documents\GitHub\cnn-boundaries\content\tifs\patches\patch-125-200-150-225-#SK1070_combined.tif#.png,wall
patch-125-225-150-250-#SK1070_combined.tif#.png,c:\Users\alexad\Documents\GitHub\cnn-boundaries\content\tifs\patches\patch-125-225-150-250-#SK1070_combined.tif#.png,wall
patch-125-25-150-50-#SK1070_combined.tif#.png,c:\Users\alexad\Documents\GitHub\cnn-boundaries\content\tifs\patches\patch-125-25-150-50-#SK1070_combined.tif#.png,no_wall
patch-125-250-150-275-#SK1070_combined.tif#.png,c:\Users\alexad\Documents\GitHub\cnn-boundaries\content\tifs\patches\patch-125-250-150-275-#SK1070_combined.tif#.png,wall
patch-125-275-150-300-#SK1070_combined.tif#.png,c:\Users\alexad\Documents\GitHub\cnn-boundaries\content\tifs\patches\patch-125-275-150-300-#SK1070_combined.tif#.png,wall
patch-125-300-150-325-#SK1070_combined.tif#.png,c:\Users\alexad\Documents\GitHub\cnn-boundaries\content\tifs\patches\patch-125-300-150-325-#SK1070_combined.tif#.png,no_wall
patch-125-325-150-350-#SK1070_combined.tif#.png,c:\Users\alexad\Documents\GitHub\cnn-boundaries\content\tifs\patches\patch-125-325-150-350-#SK1070_combined.tif#.png,no_wall
patch-125-350-150-375-#SK1070_combined.tif#.png,c:\Users\alexad\Documents\GitHub\cnn-boundaries\content\tifs\patches\patch-125-350-150-375-#SK1070_combined.tif#.png,no_wall
patch-125-375-150-400-#SK1070_combined.tif#.png,c:\Users\alexad\Documents\GitHub\cnn-boundaries\content\tifs\patches\patch-125-375-150-400-#SK1070_combined.tif#.png,wall
patch-125-400-150-425-#SK1070_combined.tif#.png,c:\Users\alexad\Documents\GitHub\cnn-boundaries\content\tifs\patches\patch-125-400-150-425-#SK1070_combined.tif#.png,wall
patch-125-425-150-450-#SK1070_combined.tif#.png,c:\Users\alexad\Documents\GitHub\cnn-boundaries\content\tifs\patches\patch-125-425-150-450-#SK1070_combined.tif#.png,no_wall
patch-125-450-150-475-#SK1070_combined.tif#.png,c:\Users\alexad\Documents\GitHub\cnn-boundaries\content\tifs\patches\patch-125-450-150-475-#SK1070_combined.tif#.png,wall
patch-125-475-150-500-#SK1070_combined.tif#.png,c:\Users\alexad\Documents\GitHub\cnn-boundaries\content\tifs\patches\patch-125-475-150-500-#SK1070_combined.tif#.png,no_wall
patch-125-50-150-75-#SK1070_combined.tif#.png,c:\Users\alexad\Documents\GitHub\cnn-boundaries\content\tifs\patches\patch-125-50-150-75-#SK1070_combined.tif#.png,no_wall
patch-125-500-150-525-#SK1070_combined.tif#.png,c:\Users\alexad\Documents\GitHub\cnn-boundaries\content\tifs\patches\patch-125-500-150-525-#SK1070_combined.tif#.png,no_wall
patch-125-525-150-550-#SK1070_combined.tif#.png,c:\Users\alexad\Documents\GitHub\cnn-boundaries\content\tifs\patches\patch-125-525-150-550-#SK1070_combined.tif#.png,no_wall
patch-125-550-150-575-#SK1070_combined.tif#.png,c:\Users\alexad\Documents\GitHub\cnn-boundaries\content\tifs\patches\patch-125-550-150-575-#SK1070_combined.tif#.png,wall
patch-125-575-150-600-#SK1070_combined.tif#.png,c:\Users\alexad\Documents\GitHub\cnn-boundaries\content\tifs\patches\patch-125-575-150-600-#SK1070_combined.tif#.png,wall
patch-125-600-150-625-#SK1070_combined.tif#.png,c:\Users\alexad\Documents\GitHub\cnn-boundaries\content\tifs\patches\patch-125-600-150-625-#SK1070_combined.tif#.png,no_wall
patch-125-625-150-650-#SK1070_combined.tif#.png,c:\Users\alexad\Documents\GitHub\cnn-boundaries\content\tifs\patches\patch-125-625-150-650-#SK1070_combined.tif#.png,no_wall
patch-125-650-150-675-#SK1070_combined.tif#.png,c:\Users\alexad\Documents\GitHub\cnn-boundaries\content\tifs\patches\patch-125-650-150-675-#SK1070_combined.tif#.png,no_wall
patch-125-675-150-700-#SK1070_combined.tif#.png,c:\Users\alexad\Documents\GitHub\cnn-boundaries\content\tifs\patches\patch-125-675-150-700-#SK1070_combined.tif#.png,wall
patch-125-700-150-725-#SK1070_combined.tif#.png,c:\Users\alexad\Documents\GitHub\cnn-boundaries\content\tifs\patches\patch-125-700-150-725-#SK1070_combined.tif#.png,wall
patch-125-725-150-750-#SK1070_combined.tif#.png,c:\Users\alexad\Documents\GitHub\cnn-boundaries\content\tifs\patches\patch-125-725-150-750-#SK1070_combined.tif#.png,wall
patch-125-75-150-100-#SK1070_combined.tif#.png,c:\Users\alexad\Documents\GitHub\cnn-boundaries\content\tifs\patches\patch-125-75-150-100-#SK1070_combined.tif#.png,no_wall
patch-25-0-50-25-#SK1070_combined.tif#.png,c:\Users\alexad\Documents\GitHub\cnn-boundaries\content\tifs\patches\patch-25-0-50-25-#SK1070_combined.tif#.png,wall
patch-25-100-50-125-#SK1070_combined.tif#.png,c:\Users\alexad\Documents\GitHub\cnn-boundaries\content\tifs\patches\patch-25-100-50-125-#SK1070_combined.tif#.png,wall
patch-25-1000-50-1025-#SK1070_combined.tif#.png,c:\Users\alexad\Documents\GitHub\cnn-boundaries\content\tifs\patches\patch-25-1000-50-1025-#SK1070_combined.tif#.png,no_wall
patch-25-1025-50-1050-#SK1070_combined.tif#.png,c:\Users\alexad\Documents\GitHub\cnn-boundaries\content\tifs\patches\patch-25-1025-50-1050-#SK1070_combined.tif#.png,no_wall
patch-25-1050-50-1075-#SK1070_combined.tif#.png,c:\Users\alexad\Documents\GitHub\cnn-boundaries\content\tifs\patches\patch-25-1050-50-1075-#SK1070_combined.tif#.png,no_wall
patch-25-1075-50-1100-#SK1070_combined.tif#.png,c:\Users\alexad\Documents\GitHub\cnn-boundaries\content\tifs\patches\patch-25-1075-50-1100-#SK1070_combined.tif#.png,wall
patch-25-1100-50-1125-#SK1070_combined.tif#.png,c:\Users\alexad\Documents\GitHub\cnn-boundaries\content\tifs\patches\patch-25-1100-50-1125-#SK1070_combined.tif#.png,wall
patch-25-1125-50-1150-#SK1070_combined.tif#.png,c:\Users\alexad\Documents\GitHub\cnn-boundaries\content\tifs\patches\patch-25-1125-50-1150-#SK1070_combined.tif#.png,no_wall
patch-25-1150-50-1175-#SK1070_combined.tif#.png,c:\Users\alexad\Documents\GitHub\cnn-boundaries\content\tifs\patches\patch-25-1150-50-1175-#SK1070_combined.tif#.png,wall
patch-25-1175-50-1200-#SK1070_combined.tif#.png,c:\Users\alexad\Documents\GitHub\cnn-boundaries\content\tifs\patches\patch-25-1175-50-1200-#SK1070_combined.tif#.png,no_wall
patch-25-1200-50-1225-#SK1070_combined.tif#.png,c:\Users\alexad\Documents\GitHub\cnn-boundaries\content\tifs\patches\patch-25-1200-50-1225-#SK1070_combined.tif#.png,no_wall
patch-25-1225-50-1250-#SK1070_combined.tif#.png,c:\Users\alexad\Documents\GitHub\cnn-boundaries\content\tifs\patches\patch-25-1225-50-1250-#SK1070_combined.tif#.png,no_wall
patch-25-125-50-150-#SK1070_combined.tif#.png,c:\Users\alexad\Documents\GitHub\cnn-boundaries\content\tifs\patches\patch-25-125-50-150-#SK1070_combined.tif#.png,no_wall
patch-25-1250-50-1275-#SK1070_combined.tif#.png,c:\Users\alexad\Documents\GitHub\cnn-boundaries\content\tifs\patches\patch-25-1250-50-1275-#SK1070_combined.tif#.png,no_wall
patch-25-1275-50-1300-#SK1070_combined.tif#.png,c:\Users\alexad\Documents\GitHub\cnn-boundaries\content\tifs\patches\patch-25-1275-50-1300-#SK1070_combined.tif#.png,no_wall
patch-25-1300-50-1325-#SK1070_combined.tif#.png,c:\Users\alexad\Documents\GitHub\cnn-boundaries\content\tifs\patches\patch-25-1300-50-1325-#SK1070_combined.tif#.png,no_wall
patch-25-1325-50-1350-#SK1070_combined.tif#.png,c:\Users\alexad\Documents\GitHub\cnn-boundaries\content\tifs\patches\patch-25-1325-50-1350-#SK1070_combined.tif#.png,no_wall
patch-25-1350-50-1375-#SK1070_combined.tif#.png,c:\Users\alexad\Documents\GitHub\cnn-boundaries\content\tifs\patches\patch-25-1350-50-1375-#SK1070_combined.tif#.png,wall
patch-25-1375-50-1400-#SK1070_combined.tif#.png,c:\Users\alexad\Documents\GitHub\cnn-boundaries\content\tifs\patches\patch-25-1375-50-1400-#SK1070_combined.tif#.png,no_wall
patch-25-1400-50-1425-#SK1070_combined.tif#.png,c:\Users\alexad\Documents\GitHub\cnn-boundaries\content\tifs\patches\patch-25-1400-50-1425-#SK1070_combined.tif#.png,wall
patch-25-1425-50-1450-#SK1070_combined.tif#.png,c:\Users\alexad\Documents\GitHub\cnn-boundaries\content\tifs\patches\patch-25-1425-50-1450-#SK1070_combined.tif#.png,wall
patch-25-1450-50-1475-#SK1070_combined.tif#.png,c:\Users\alexad\Documents\GitHub\cnn-boundaries\content\tifs\patches\patch-25-1450-50-1475-#SK1070_combined.tif#.png,wall
patch-25-1475-50-1492-#SK1070_combined.tif#.png,c:\Users\alexad\Documents\GitHub\cnn-boundaries\content\tifs\patches\patch-25-1475-50-1492-#SK1070_combined.tif#.png,no_wall
patch-25-150-50-175-#SK1070_combined.tif#.png,c:\Users\alexad\Documents\GitHub\cnn-boundaries\content\tifs\patches\patch-25-150-50-175-#SK1070_combined.tif#.png,no_wall
patch-25-175-50-200-#SK1070_combined.tif#.png,c:\Users\alexad\Documents\GitHub\cnn-boundaries\content\tifs\patches\patch-25-175-50-200-#SK1070_combined.tif#.png,no_wall
patch-25-200-50-225-#SK1070_combined.tif#.png,c:\Users\alexad\Documents\GitHub\cnn-boundaries\content\tifs\patches\patch-25-200-50-225-#SK1070_combined.tif#.png,no_wall
patch-25-225-50-250-#SK1070_combined.tif#.png,c:\Users\alexad\Documents\GitHub\cnn-boundaries\content\tifs\patches\patch-25-225-50-250-#SK1070_combined.tif#.png,wall
patch-25-25-50-50-#SK1070_combined.tif#.png,c:\Users\alexad\Documents\GitHub\cnn-boundaries\content\tifs\patches\patch-25-25-50-50-#SK1070_combined.tif#.png,no_wall
patch-25-250-50-275-#SK1070_combined.tif#.png,c:\Users\alexad\Documents\GitHub\cnn-boundaries\content\tifs\patches\patch-25-250-50-275-#SK1070_combined.tif#.png,no_wall
patch-25-275-50-300-#SK1070_combined.tif#.png,c:\Users\alexad\Documents\GitHub\cnn-boundaries\content\tifs\patches\patch-25-275-50-300-#SK1070_combined.tif#.png,no_wall
patch-25-300-50-325-#SK1070_combined.tif#.png,c:\Users\alexad\Documents\GitHub\cnn-boundaries\content\tifs\patches\patch-25-300-50-325-#SK1070_combined.tif#.png,no_wall
patch-25-325-50-350-#SK1070_combined.tif#.png,c:\Users\alexad\Documents\GitHub\cnn-boundaries\content\tifs\patches\patch-25-325-50-350-#SK1070_combined.tif#.png,no_wall
patch-25-350-50-375-#SK1070_combined.tif#.png,c:\Users\alexad\Documents\GitHub\cnn-boundaries\content\tifs\patches\patch-25-350-50-375-#SK1070_combined.tif#.png,wall
patch-25-375-50-400-#SK1070_combined.tif#.png,c:\Users\alexad\Documents\GitHub\cnn-boundaries\content\tifs\patches\patch-25-375-50-400-#SK1070_combined.tif#.png,no_wall
patch-25-400-50-425-#SK1070_combined.tif#.png,c:\Users\alexad\Documents\GitHub\cnn-boundaries\content\tifs\patches\patch-25-400-50-425-#SK1070_combined.tif#.png,wall
patch-25-425-50-450-#SK1070_combined.tif#.png,c:\Users\alexad\Documents\GitHub\cnn-boundaries\content\tifs\patches\patch-25-425-50-450-#SK1070_combined.tif#.png,wall
patch-25-450-50-475-#SK1070_combined.tif#.png,c:\Users\alexad\Documents\GitHub\cnn-boundaries\content\tifs\patches\patch-25-450-50-475-#SK1070_combined.tif#.png,no_wall
patch-25-475-50-500-#SK1070_combined.tif#.png,c:\Users\alexad\Documents\GitHub\cnn-boundaries\content\tifs\patches\patch-25-475-50-500-#SK1070_combined.tif#.png,wall
patch-25-50-50-75-#SK1070_combined.tif#.png,c:\Users\alexad\Documents\GitHub\cnn-boundaries\content\tifs\patches\patch-25-50-50-75-#SK1070_combined.tif#.png,no_wall
patch-25-500-50-525-#SK1070_combined.tif#.png,c:\Users\alexad\Documents\GitHub\cnn-boundaries\content\tifs\patches\patch-25-500-50-525-#SK1070_combined.tif#.png,wall
patch-25-525-50-550-#SK1070_combined.tif#.png,c:\Users\alexad\Documents\GitHub\cnn-boundaries\content\tifs\patches\patch-25-525-50-550-#SK1070_combined.tif#.png,wall
patch-25-550-50-575-#SK1070_combined.tif#.png,c:\Users\alexad\Documents\GitHub\cnn-boundaries\content\tifs\patches\patch-25-550-50-575-#SK1070_combined.tif#.png,wall
patch-25-575-50-600-#SK1070_combined.tif#.png,c:\Users\alexad\Documents\GitHub\cnn-boundaries\content\tifs\patches\patch-25-575-50-600-#SK1070_combined.tif#.png,no_wall
patch-25-600-50-625-#SK1070_combined.tif#.png,c:\Users\alexad\Documents\GitHub\cnn-boundaries\content\tifs\patches\patch-25-600-50-625-#SK1070_combined.tif#.png,no_wall
patch-25-625-50-650-#SK1070_combined.tif#.png,c:\Users\alexad\Documents\GitHub\cnn-boundaries\content\tifs\patches\patch-25-625-50-650-#SK1070_combined.tif#.png,no_wall
patch-25-650-50-675-#SK1070_combined.tif#.png,c:\Users\alexad\Documents\GitHub\cnn-boundaries\content\tifs\patches\patch-25-650-50-675-#SK1070_combined.tif#.png,no_wall
patch-25-675-50-700-#SK1070_combined.tif#.png,c:\Users\alexad\Documents\GitHub\cnn-boundaries\content\tifs\patches\patch-25-675-50-700-#SK1070_combined.tif#.png,no_wall
patch-25-700-50-725-#SK1070_combined.tif#.png,c:\Users\alexad\Documents\GitHub\cnn-boundaries\content\tifs\patches\patch-25-700-50-725-#SK1070_combined.tif#.png,no_wall
patch-25-725-50-750-#SK1070_combined.tif#.png,c:\Users\alexad\Documents\GitHub\cnn-boundaries\content\tifs\patches\patch-25-725-50-750-#SK1070_combined.tif#.png,no_wall
patch-25-75-50-100-#SK1070_combined.tif#.png,c:\Users\alexad\Documents\GitHub\cnn-boundaries\content\tifs\patches\patch-25-75-50-100-#SK1070_combined.tif#.png,wall
patch-25-750-50-775-#SK1070_combined.tif#.png,c:\Users\alexad\Documents\GitHub\cnn-boundaries\content\tifs\patches\patch-25-750-50-775-#SK1070_combined.tif#.png,no_wall
patch-25-775-50-800-#SK1070_combined.tif#.png,c:\Users\alexad\Documents\GitHub\cnn-boundaries\content\tifs\patches\patch-25-775-50-800-#SK1070_combined.tif#.png,no_wall
patch-25-800-50-825-#SK1070_combined.tif#.png,c:\Users\alexad\Documents\GitHub\cnn-boundaries\content\tifs\patches\patch-25-800-50-825-#SK1070_combined.tif#.png,no_wall
patch-25-825-50-850-#SK1070_combined.tif#.png,c:\Users\alexad\Documents\GitHub\cnn-boundaries\content\tifs\patches\patch-25-825-50-850-#SK1070_combined.tif#.png,wall
patch-25-850-50-875-#SK1070_combined.tif#.png,c:\Users\alexad\Documents\GitHub\cnn-boundaries\content\tifs\patches\patch-25-850-50-875-#SK1070_combined.tif#.png,wall
patch-25-875-50-900-#SK1070_combined.tif#.png,c:\Users\alexad\Documents\GitHub\cnn-boundaries\content\tifs\patches\patch-25-875-50-900-#SK1070_combined.tif#.png,wall
patch-25-900-50-925-#SK1070_combined.tif#.png,c:\Users\alexad\Documents\GitHub\cnn-boundaries\content\tifs\patches\patch-25-900-50-925-#SK1070_combined.tif#.png,wall
patch-25-925-50-950-#SK1070_combined.tif#.png,c:\Users\alexad\Documents\GitHub\cnn-boundaries\content\tifs\patches\patch-25-925-50-950-#SK1070_combined.tif#.png,wall
patch-25-950-50-975-#SK1070_combined.tif#.png,c:\Users\alexad\Documents\GitHub\cnn-boundaries\content\tifs\patches\patch-25-950-50-975-#SK1070_combined.tif#.png,wall
patch-25-975-50-1000-#SK1070_combined.tif#.png,c:\Users\alexad\Documents\GitHub\cnn-boundaries\content\tifs\patches\patch-25-975-50-1000-#SK1070_combined.tif#.png,no_wall
patch-50-0-75-25-#SK1070_combined.tif#.png,c:\Users\alexad\Documents\GitHub\cnn-boundaries\content\tifs\patches\patch-50-0-75-25-#SK1070_combined.tif#.png,wall
patch-50-100-75-125-#SK1070_combined.tif#.png,c:\Users\alexad\Documents\GitHub\cnn-boundaries\content\tifs\patches\patch-50-100-75-125-#SK1070_combined.tif#.png,no_wall
patch-50-1000-75-1025-#SK1070_combined.tif#.png,c:\Users\alexad\Documents\GitHub\cnn-boundaries\content\tifs\patches\patch-50-1000-75-1025-#SK1070_combined.tif#.png,wall
patch-50-1025-75-1050-#SK1070_combined.tif#.png,c:\Users\alexad\Documents\GitHub\cnn-boundaries\content\tifs\patches\patch-50-1025-75-1050-#SK1070_combined.tif#.png,wall
patch-50-1050-75-1075-#SK1070_combined.tif#.png,c:\Users\alexad\Documents\GitHub\cnn-boundaries\content\tifs\patches\patch-50-1050-75-1075-#SK1070_combined.tif#.png,wall
patch-50-1075-75-1100-#SK1070_combined.tif#.png,c:\Users\alexad\Documents\GitHub\cnn-boundaries\content\tifs\patches\patch-50-1075-75-1100-#SK1070_combined.tif#.png,wall
patch-50-1100-75-1125-#SK1070_combined.tif#.png,c:\Users\alexad\Documents\GitHub\cnn-boundaries\content\tifs\patches\patch-50-1100-75-1125-#SK1070_combined.tif#.png,wall
patch-50-1125-75-1150-#SK1070_combined.tif#.png,c:\Users\alexad\Documents\GitHub\cnn-boundaries\content\tifs\patches\patch-50-1125-75-1150-#SK1070_combined.tif#.png,no_wall
patch-50-1150-75-1175-#SK1070_combined.tif#.png,c:\Users\alexad\Documents\GitHub\cnn-boundaries\content\tifs\patches\patch-50-1150-75-1175-#SK1070_combined.tif#.png,no_wall
patch-50-1175-75-1200-#SK1070_combined.tif#.png,c:\Users\alexad\Documents\GitHub\cnn-boundaries\content\tifs\patches\patch-50-1175-75-1200-#SK1070_combined.tif#.png,no_wall
patch-50-1200-75-1225-#SK1070_combined.tif#.png,c:\Users\alexad\Documents\GitHub\cnn-boundaries\content\tifs\patches\patch-50-1200-75-1225-#SK1070_combined.tif#.png,no_wall
patch-50-1225-75-1250-#SK1070_combined.tif#.png,c:\Users\alexad\Documents\GitHub\cnn-boundaries\content\tifs\patches\patch-50-1225-75-1250-#SK1070_combined.tif#.png,no_wall
patch-50-125-75-150-#SK1070_combined.tif#.png,c:\Users\alexad\Documents\GitHub\cnn-boundaries\content\tifs\patches\patch-50-125-75-150-#SK1070_combined.tif#.png,no_wall
patch-50-1250-75-1275-#SK1070_combined.tif#.png,c:\Users\alexad\Documents\GitHub\cnn-boundaries\content\tifs\patches\patch-50-1250-75-1275-#SK1070_combined.tif#.png,no_wall
patch-50-1275-75-1300-#SK1070_combined.tif#.png,c:\Users\alexad\Documents\GitHub\cnn-boundaries\content\tifs\patches\patch-50-1275-75-1300-#SK1070_combined.tif#.png,no_wall
patch-50-1300-75-1325-#SK1070_combined.tif#.png,c:\Users\alexad\Documents\GitHub\cnn-boundaries\content\tifs\patches\patch-50-1300-75-1325-#SK1070_combined.tif#.png,no_wall
patch-50-1325-75-1350-#SK1070_combined.tif#.png,c:\Users\alexad\Documents\GitHub\cnn-boundaries\content\tifs\patches\patch-50-1325-75-1350-#SK1070_combined.tif#.png,no_wall
patch-50-1350-75-1375-#SK1070_combined.tif#.png,c:\Users\alexad\Documents\GitHub\cnn-boundaries\content\tifs\patches\patch-50-1350-75-1375-#SK1070_combined.tif#.png,wall
patch-50-1375-75-1400-#SK1070_combined.tif#.png,c:\Users\alexad\Documents\GitHub\cnn-boundaries\content\tifs\patches\patch-50-1375-75-1400-#SK1070_combined.tif#.png,wall
patch-50-1400-75-1425-#SK1070_combined.tif#.png,c:\Users\alexad\Documents\GitHub\cnn-boundaries\content\tifs\patches\patch-50-1400-75-1425-#SK1070_combined.tif#.png,wall
patch-50-1425-75-1450-#SK1070_combined.tif#.png,c:\Users\alexad\Documents\GitHub\cnn-boundaries\content\tifs\patches\patch-50-1425-75-1450-#SK1070_combined.tif#.png,no_wall
patch-50-1450-75-1475-#SK1070_combined.tif#.png,c:\Users\alexad\Documents\GitHub\cnn-boundaries\content\tifs\patches\patch-50-1450-75-1475-#SK1070_combined.tif#.png,no_wall
patch-50-1475-75-1492-#SK1070_combined.tif#.png,c:\Users\alexad\Documents\GitHub\cnn-boundaries\content\tifs\patches\patch-50-1475-75-1492-#SK1070_combined.tif#.png,no_wall
patch-50-150-75-175-#SK1070_combined.tif#.png,c:\Users\alexad\Documents\GitHub\cnn-boundaries\content\tifs\patches\patch-50-150-75-175-#SK1070_combined.tif#.png,no_wall
patch-50-175-75-200-#SK1070_combined.tif#.png,c:\Users\alexad\Documents\GitHub\cnn-boundaries\content\tifs\patches\patch-50-175-75-200-#SK1070_combined.tif#.png,wall
patch-50-200-75-225-#SK1070_combined.tif#.png,c:\Users\alexad\Documents\GitHub\cnn-boundaries\content\tifs\patches\patch-50-200-75-225-#SK1070_combined.tif#.png,no_wall
patch-50-225-75-250-#SK1070_combined.tif#.png,c:\Users\alexad\Documents\GitHub\cnn-boundaries\content\tifs\patches\patch-50-225-75-250-#SK1070_combined.tif#.png,wall
patch-50-25-75-50-#SK1070_combined.tif#.png,c:\Users\alexad\Documents\GitHub\cnn-boundaries\content\tifs\patches\patch-50-25-75-50-#SK1070_combined.tif#.png,no_wall
patch-50-250-75-275-#SK1070_combined.tif#.png,c:\Users\alexad\Documents\GitHub\cnn-boundaries\content\tifs\patches\patch-50-250-75-275-#SK1070_combined.tif#.png,wall
patch-50-275-75-300-#SK1070_combined.tif#.png,c:\Users\alexad\Documents\GitHub\cnn-boundaries\content\tifs\patches\patch-50-275-75-300-#SK1070_combined.tif#.png,no_wall
patch-50-300-75-325-#SK1070_combined.tif#.png,c:\Users\alexad\Documents\GitHub\cnn-boundaries\content\tifs\patches\patch-50-300-75-325-#SK1070_combined.tif#.png,no_wall
patch-50-325-75-350-#SK1070_combined.tif#.png,c:\Users\alexad\Documents\GitHub\cnn-boundaries\content\tifs\patches\patch-50-325-75-350-#SK1070_combined.tif#.png,no_wall
patch-50-350-75-375-#SK1070_combined.tif#.png,c:\Users\alexad\Documents\GitHub\cnn-boundaries\content\tifs\patches\patch-50-350-75-375-#SK1070_combined.tif#.png,wall
patch-50-375-75-400-#SK1070_combined.tif#.png,c:\Users\alexad\Documents\GitHub\cnn-boundaries\content\tifs\patches\patch-50-375-75-400-#SK1070_combined.tif#.png,wall
patch-50-400-75-425-#SK1070_combined.tif#.png,c:\Users\alexad\Documents\GitHub\cnn-boundaries\content\tifs\patches\patch-50-400-75-425-#SK1070_combined.tif#.png,no_wall
patch-50-425-75-450-#SK1070_combined.tif#.png,c:\Users\alexad\Documents\GitHub\cnn-boundaries\content\tifs\patches\patch-50-425-75-450-#SK1070_combined.tif#.png,wall
patch-50-450-75-475-#SK1070_combined.tif#.png,c:\Users\alexad\Documents\GitHub\cnn-boundaries\content\tifs\patches\patch-50-450-75-475-#SK1070_combined.tif#.png,no_wall
patch-50-475-75-500-#SK1070_combined.tif#.png,c:\Users\alexad\Documents\GitHub\cnn-boundaries\content\tifs\patches\patch-50-475-75-500-#SK1070_combined.tif#.png,no_wall
patch-50-50-75-75-#SK1070_combined.tif#.png,c:\Users\alexad\Documents\GitHub\cnn-boundaries\content\tifs\patches\patch-50-50-75-75-#SK1070_combined.tif#.png,no_wall
patch-50-500-75-525-#SK1070_combined.tif#.png,c:\Users\alexad\Documents\GitHub\cnn-boundaries\content\tifs\patches\patch-50-500-75-525-#SK1070_combined.tif#.png,no_wall
patch-50-525-75-550-#SK1070_combined.tif#.png,c:\Users\alexad\Documents\GitHub\cnn-boundaries\content\tifs\patches\patch-50-525-75-550-#SK1070_combined.tif#.png,wall
patch-50-550-75-575-#SK1070_combined.tif#.png,c:\Users\alexad\Documents\GitHub\cnn-boundaries\content\tifs\patches\patch-50-550-75-575-#SK1070_combined.tif#.png,wall
patch-50-575-75-600-#SK1070_combined.tif#.png,c:\Users\alexad\Documents\GitHub\cnn-boundaries\content\tifs\patches\patch-50-575-75-600-#SK1070_combined.tif#.png,no_wall
patch-50-600-75-625-#SK1070_combined.tif#.png,c:\Users\alexad\Documents\GitHub\cnn-boundaries\content\tifs\patches\patch-50-600-75-625-#SK1070_combined.tif#.png,no_wall
patch-50-625-75-650-#SK1070_combined.tif#.png,c:\Users\alexad\Documents\GitHub\cnn-boundaries\content\tifs\patches\patch-50-625-75-650-#SK1070_combined.tif#.png,no_wall
patch-50-650-75-675-#SK1070_combined.tif#.png,c:\Users\alexad\Documents\GitHub\cnn-boundaries\content\tifs\patches\patch-50-650-75-675-#SK1070_combined.tif#.png,no_wall
patch-50-675-75-700-#SK1070_combined.tif#.png,c:\Users\alexad\Documents\GitHub\cnn-boundaries\content\tifs\patches\patch-50-675-75-700-#SK1070_combined.tif#.png,no_wall
patch-50-700-75-725-#SK1070_combined.tif#.png,c:\Users\alexad\Documents\GitHub\cnn-boundaries\content\tifs\patches\patch-50-700-75-725-#SK1070_combined.tif#.png,no_wall
patch-50-725-75-750-#SK1070_combined.tif#.png,c:\Users\alexad\Documents\GitHub\cnn-boundaries\content\tifs\patches\patch-50-725-75-750-#SK1070_combined.tif#.png,wall
patch-50-75-75-100-#SK1070_combined.tif#.png,c:\Users\alexad\Documents\GitHub\cnn-boundaries\content\tifs\patches\patch-50-75-75-100-#SK1070_combined.tif#.png,wall
patch-50-750-75-775-#SK1070_combined.tif#.png,c:\Users\alexad\Documents\GitHub\cnn-boundaries\content\tifs\patches\patch-50-750-75-775-#SK1070_combined.tif#.png,wall
patch-50-775-75-800-#SK1070_combined.tif#.png,c:\Users\alexad\Documents\GitHub\cnn-boundaries\content\tifs\patches\patch-50-775-75-800-#SK1070_combined.tif#.png,wall
patch-50-800-75-825-#SK1070_combined.tif#.png,c:\Users\alexad\Documents\GitHub\cnn-boundaries\content\tifs\patches\patch-50-800-75-825-#SK1070_combined.tif#.png,wall
patch-50-825-75-850-#SK1070_combined.tif#.png,c:\Users\alexad\Documents\GitHub\cnn-boundaries\content\tifs\patches\patch-50-825-75-850-#SK1070_combined.tif#.png,wall
patch-50-850-75-875-#SK1070_combined.tif#.png,c:\Users\alexad\Documents\GitHub\cnn-boundaries\content\tifs\patches\patch-50-850-75-875-#SK1070_combined.tif#.png,no_wall
patch-50-875-75-900-#SK1070_combined.tif#.png,c:\Users\alexad\Documents\GitHub\cnn-boundaries\content\tifs\patches\patch-50-875-75-900-#SK1070_combined.tif#.png,no_wall
patch-50-900-75-925-#SK1070_combined.tif#.png,c:\Users\alexad\Documents\GitHub\cnn-boundaries\content\tifs\patches\patch-50-900-75-925-#SK1070_combined.tif#.png,wall
patch-50-925-75-950-#SK1070_combined.tif#.png,c:\Users\alexad\Documents\GitHub\cnn-boundaries\content\tifs\patches\patch-50-925-75-950-#SK1070_combined.tif#.png,no_wall
patch-50-950-75-975-#SK1070_combined.tif#.png,c:\Users\alexad\Documents\GitHub\cnn-boundaries\content\tifs\patches\patch-50-950-75-975-#SK1070_combined.tif#.png,no_wall
patch-50-975-75-1000-#SK1070_combined.tif#.png,c:\Users\alexad\Documents\GitHub\cnn-boundaries\content\tifs\patches\patch-50-975-75-1000-#SK1070_combined.tif#.png,wall
patch-75-0-100-25-#SK1070_combined.tif#.png,c:\Users\alexad\Documents\GitHub\cnn-boundaries\content\tifs\patches\patch-75-0-100-25-#SK1070_combined.tif#.png,no_wall
patch-75-100-100-125-#SK1070_combined.tif#.png,c:\Users\alexad\Documents\GitHub\cnn-boundaries\content\tifs\patches\patch-75-100-100-125-#SK1070_combined.tif#.png,no_wall
patch-75-1000-100-1025-#SK1070_combined.tif#.png,c:\Users\alexad\Documents\GitHub\cnn-boundaries\content\tifs\patches\patch-75-1000-100-1025-#SK1070_combined.tif#.png,no_wall
patch-75-1025-100-1050-#SK1070_combined.tif#.png,c:\Users\alexad\Documents\GitHub\cnn-boundaries\content\tifs\patches\patch-75-1025-100-1050-#SK1070_combined.tif#.png,no_wall
patch-75-1050-100-1075-#SK1070_combined.tif#.png,c:\Users\alexad\Documents\GitHub\cnn-boundaries\content\tifs\patches\patch-75-1050-100-1075-#SK1070_combined.tif#.png,no_wall
patch-75-1075-100-1100-#SK1070_combined.tif#.png,c:\Users\alexad\Documents\GitHub\cnn-boundaries\content\tifs\patches\patch-75-1075-100-1100-#SK1070_combined.tif#.png,no_wall
patch-75-1100-100-1125-#SK1070_combined.tif#.png,c:\Users\alexad\Documents\GitHub\cnn-boundaries\content\tifs\patches\patch-75-1100-100-1125-#SK1070_combined.tif#.png,no_wall
patch-75-1125-100-1150-#SK1070_combined.tif#.png,c:\Users\alexad\Documents\GitHub\cnn-boundaries\content\tifs\patches\patch-75-1125-100-1150-#SK1070_combined.tif#.png,no_wall
patch-75-1150-100-1175-#SK1070_combined.tif#.png,c:\Users\alexad\Documents\GitHub\cnn-boundaries\content\tifs\patches\patch-75-1150-100-1175-#SK1070_combined.tif#.png,no_wall
patch-75-1175-100-1200-#SK1070_combined.tif#.png,c:\Users\alexad\Documents\GitHub\cnn-boundaries\content\tifs\patches\patch-75-1175-100-1200-#SK1070_combined.tif#.png,no_wall
patch-75-1200-100-1225-#SK1070_combined.tif#.png,c:\Users\alexad\Documents\GitHub\cnn-boundaries\content\tifs\patches\patch-75-1200-100-1225-#SK1070_combined.tif#.png,no_wall
patch-75-1225-100-1250-#SK1070_combined.tif#.png,c:\Users\alexad\Documents\GitHub\cnn-boundaries\content\tifs\patches\patch-75-1225-100-1250-#SK1070_combined.tif#.png,no_wall
patch-75-125-100-150-#SK1070_combined.tif#.png,c:\Users\alexad\Documents\GitHub\cnn-boundaries\content\tifs\patches\patch-75-125-100-150-#SK1070_combined.tif#.png,no_wall
patch-75-1250-100-1275-#SK1070_combined.tif#.png,c:\Users\alexad\Documents\GitHub\cnn-boundaries\content\tifs\patches\patch-75-1250-100-1275-#SK1070_combined.tif#.png,no_wall
patch-75-1275-100-1300-#SK1070_combined.tif#.png,c:\Users\alexad\Documents\GitHub\cnn-boundaries\content\tifs\patches\patch-75-1275-100-1300-#SK1070_combined.tif#.png,no_wall
patch-75-1300-100-1325-#SK1070_combined.tif#.png,c:\Users\alexad\Documents\GitHub\cnn-boundaries\content\tifs\patches\patch-75-1300-100-1325-#SK1070_combined.tif#.png,no_wall
patch-75-1325-100-1350-#SK1070_combined.tif#.png,c:\Users\alexad\Documents\GitHub\cnn-boundaries\content\tifs\patches\patch-75-1325-100-1350-#SK1070_combined.tif#.png,no_wall
patch-75-1350-100-1375-#SK1070_combined.tif#.png,c:\Users\alexad\Documents\GitHub\cnn-boundaries\content\tifs\patches\patch-75-1350-100-1375-#SK1070_combined.tif#.png,no_wall
patch-75-1375-100-1400-#SK1070_combined.tif#.png,c:\Users\alexad\Documents\GitHub\cnn-boundaries\content\tifs\patches\patch-75-1375-100-1400-#SK1070_combined.tif#.png,wall
patch-75-1400-100-1425-#SK1070_combined.tif#.png,c:\Users\alexad\Documents\GitHub\cnn-boundaries\content\tifs\patches\patch-75-1400-100-1425-#SK1070_combined.tif#.png,wall
patch-75-1425-100-1450-#SK1070_combined.tif#.png,c:\Users\alexad\Documents\GitHub\cnn-boundaries\content\tifs\patches\patch-75-1425-100-1450-#SK1070_combined.tif#.png,wall
patch-75-1450-100-1475-#SK1070_combined.tif#.png,c:\Users\alexad\Documents\GitHub\cnn-boundaries\content\tifs\patches\patch-75-1450-100-1475-#SK1070_combined.tif#.png,wall
patch-75-1475-100-1492-#SK1070_combined.tif#.png,c:\Users\alexad\Documents\GitHub\cnn-boundaries\content\tifs\patches\patch-75-1475-100-1492-#SK1070_combined.tif#.png,wall
patch-75-150-100-175-#SK1070_combined.tif#.png,c:\Users\alexad\Documents\GitHub\cnn-boundaries\content\tifs\patches\patch-75-150-100-175-#SK1070_combined.tif#.png,no_wall
patch-75-175-100-200-#SK1070_combined.tif#.png,c:\Users\alexad\Documents\GitHub\cnn-boundaries\content\tifs\patches\patch-75-175-100-200-#SK1070_combined.tif#.png,wall
patch-75-200-100-225-#SK1070_combined.tif#.png,c:\Users\alexad\Documents\GitHub\cnn-boundaries\content\tifs\patches\patch-75-200-100-225-#SK1070_combined.tif#.png,wall
patch-75-225-100-250-#SK1070_combined.tif#.png,c:\Users\alexad\Documents\GitHub\cnn-boundaries\content\tifs\patches\patch-75-225-100-250-#SK1070_combined.tif#.png,no_wall
patch-75-25-100-50-#SK1070_combined.tif#.png,c:\Users\alexad\Documents\GitHub\cnn-boundaries\content\tifs\patches\patch-75-25-100-50-#SK1070_combined.tif#.png,no_wall
patch-75-250-100-275-#SK1070_combined.tif#.png,c:\Users\alexad\Documents\GitHub\cnn-boundaries\content\tifs\patches\patch-75-250-100-275-#SK1070_combined.tif#.png,wall
patch-75-275-100-300-#SK1070_combined.tif#.png,c:\Users\alexad\Documents\GitHub\cnn-boundaries\content\tifs\patches\patch-75-275-100-300-#SK1070_combined.tif#.png,no_wall
patch-75-300-100-325-#SK1070_combined.tif#.png,c:\Users\alexad\Documents\GitHub\cnn-boundaries\content\tifs\patches\patch-75-300-100-325-#SK1070_combined.tif#.png,no_wall
patch-75-325-100-350-#SK1070_combined.tif#.png,c:\Users\alexad\Documents\GitHub\cnn-boundaries\content\tifs\patches\patch-75-325-100-350-#SK1070_combined.tif#.png,no_wall
patch-75-350-100-375-#SK1070_combined.tif#.png,c:\Users\alexad\Documents\GitHub\cnn-boundaries\content\tifs\patches\patch-75-350-100-375-#SK1070_combined.tif#.png,no_wall
patch-75-375-100-400-#SK1070_combined.tif#.png,c:\Users\alexad\Documents\GitHub\cnn-boundaries\content\tifs\patches\patch-75-375-100-400-#SK1070_combined.tif#.png,wall
patch-75-400-100-425-#SK1070_combined.tif#.png,c:\Users\alexad\Documents\GitHub\cnn-boundaries\content\tifs\patches\patch-75-400-100-425-#SK1070_combined.tif#.png,no_wall
patch-75-425-100-450-#SK1070_combined.tif#.png,c:\Users\alexad\Documents\GitHub\cnn-boundaries\content\tifs\patches\patch-75-425-100-450-#SK1070_combined.tif#.png,wall
patch-75-450-100-475-#SK1070_combined.tif#.png,c:\Users\alexad\Documents\GitHub\cnn-boundaries\content\tifs\patches\patch-75-450-100-475-#SK1070_combined.tif#.png,no_wall
patch-75-475-100-500-#SK1070_combined.tif#.png,c:\Users\alexad\Documents\GitHub\cnn-boundaries\content\tifs\patches\patch-75-475-100-500-#SK1070_combined.tif#.png,no_wall
patch-75-50-100-75-#SK1070_combined.tif#.png,c:\Users\alexad\Documents\GitHub\cnn-boundaries\content\tifs\patches\patch-75-50-100-75-#SK1070_combined.tif#.png,no_wall
patch-75-500-100-525-#SK1070_combined.tif#.png,c:\Users\alexad\Documents\GitHub\cnn-boundaries\content\tifs\patches\patch-75-500-100-525-#SK1070_combined.tif#.png,no_wall
patch-75-525-100-550-#SK1070_combined.tif#.png,c:\Users\alexad\Documents\GitHub\cnn-boundaries\content\tifs\patches\patch-75-525-100-550-#SK1070_combined.tif#.png,wall
patch-75-550-100-575-#SK1070_combined.tif#.png,c:\Users\alexad\Documents\GitHub\cnn-boundaries\content\tifs\patches\patch-75-550-100-575-#SK1070_combined.tif#.png,wall
patch-75-575-100-600-#SK1070_combined.tif#.png,c:\Users\alexad\Documents\GitHub\cnn-boundaries\content\tifs\patches\patch-75-575-100-600-#SK1070_combined.tif#.png,wall
patch-75-600-100-625-#SK1070_combined.tif#.png,c:\Users\alexad\Documents\GitHub\cnn-boundaries\content\tifs\patches\patch-75-600-100-625-#SK1070_combined.tif#.png,wall
patch-75-625-100-650-#SK1070_combined.tif#.png,c:\Users\alexad\Documents\GitHub\cnn-boundaries\content\tifs\patches\patch-75-625-100-650-#SK1070_combined.tif#.png,wall
patch-75-650-100-675-#SK1070_combined.tif#.png,c:\Users\alexad\Documents\GitHub\cnn-boundaries\content\tifs\patches\patch-75-650-100-675-#SK1070_combined.tif#.png,wall
patch-75-675-100-700-#SK1070_combined.tif#.png,c:\Users\alexad\Documents\GitHub\cnn-boundaries\content\tifs\patches\patch-75-675-100-700-#SK1070_combined.tif#.png,wall
patch-75-700-100-725-#SK1070_combined.tif#.png,c:\Users\alexad\Documents\GitHub\cnn-boundaries\content\tifs\patches\patch-75-700-100-725-#SK1070_combined.tif#.png,no_wall
patch-75-725-100-750-#SK1070_combined.tif#.png,c:\Users\alexad\Documents\GitHub\cnn-boundaries\content\tifs\patches\patch-75-725-100-750-#SK1070_combined.tif#.png,no_wall
patch-75-75-100-100-#SK1070_combined.tif#.png,c:\Users\alexad\Documents\GitHub\cnn-boundaries\content\tifs\patches\patch-75-75-100-100-#SK1070_combined.tif#.png,wall
patch-75-750-100-775-#SK1070_combined.tif#.png,c:\Users\alexad\Documents\GitHub\cnn-boundaries\content\tifs\patches\patch-75-750-100-775-#SK1070_combined.tif#.png,no_wall
patch-75-775-100-800-#SK1070_combined.tif#.png,c:\Users\alexad\Documents\GitHub\cnn-boundaries\content\tifs\patches\patch-75-775-100-800-#SK1070_combined.tif#.png,no_wall
patch-75-800-100-825-#SK1070_combined.tif#.png,c:\Users\alexad\Documents\GitHub\cnn-boundaries\content\tifs\patches\patch-75-800-100-825-#SK1070_combined.tif#.png,no_wall
patch-75-825-100-850-#SK1070_combined.tif#.png,c:\Users\alexad\Documents\GitHub\cnn-boundaries\content\tifs\patches\patch-75-825-100-850-#SK1070_combined.tif#.png,no_wall
patch-75-850-100-875-#SK1070_combined.tif#.png,c:\Users\alexad\Documents\GitHub\cnn-boundaries\content\tifs\patches\patch-75-850-100-875-#SK1070_combined.tif#.png,no_wall
patch-75-875-100-900-#SK1070_combined.tif#.png,c:\Users\alexad\Documents\GitHub\cnn-boundaries\content\tifs\patches\patch-75-875-100-900-#SK1070_combined.tif#.png,wall
patch-75-900-100-925-#SK1070_combined.tif#.png,c:\Users\alexad\Documents\GitHub\cnn-boundaries\content\tifs\patches\patch-75-900-100-925-#SK1070_combined.tif#.png,wall
patch-75-925-100-950-#SK1070_combined.tif#.png,c:\Users\alexad\Documents\GitHub\cnn-boundaries\content\tifs\patches\patch-75-925-100-950-#SK1070_combined.tif#.png,wall
patch-75-950-100-975-#SK1070_combined.tif#.png,c:\Users\alexad\Documents\GitHub\cnn-boundaries\content\tifs\patches\patch-75-950-100-975-#SK1070_combined.tif#.png,wall
patch-75-975-100-1000-#SK1070_combined.tif#.png,c:\Users\alexad\Documents\GitHub\cnn-boundaries\content\tifs\patches\patch-75-975-100-1000-#SK1070_combined.tif#.png,wall
